Modelltyp,Term,Koeffizient,SE,Statistik,p_Wert
Basismodell,Age_c,0.003946933123307331,0.001120421310292029,3.5227222894203916,0.0004271386776152809
Basismodell,Age_c_sq,0.00033494247353173424,6.937380012439372e-05,4.828083122607541,1.3785355497604189e-06
Basismodell,1/2,-3.2336930386736307,0.03692569868319378,-87.57296825761624,0.0
Basismodell,2/3,0.12578600539359225,0.025855916804566153,4.864882817513493,1.1452463965816444e-06
Basismodell,3/4,-0.06675192413462328,0.01825160205168577,-3.6573186258166244,0.0002548674843117631
Basismodell,4/5,-0.0022144446769562544,0.01315988545670896,-0.1682723367343081,0.8663690356142751
Hauptmodell,Age_c,0.0040746667805262055,0.001125231146617333,3.621182005826499,0.0002932601071938115
Hauptmodell,Age_c_sq,0.00033657590814849253,6.949045473720331e-05,4.843484035632579,1.2758197651736368e-06
Hauptmodell,Division_General Petite,0.06639372089612144,0.02763421426167868,2.4025912322823637,0.016279373254384267
Hauptmodell,Division_Initmates,0.1466755560957461,0.14077373208395064,1.0419241851759382,0.29744683019062534
Hauptmodell,Department_Dresses,-0.2614704868782139,0.04052001490325919,-6.452872426194067,1.0974974505597098e-10
Hauptmodell,Department_Intimate,-0.118794862547403,0.13317116320487693,-0.8920464437533167,0.37236803911435146
Hauptmodell,Department_Jackets,0.007929476278375305,0.07082415782652796,0.11196005037994583,0.9108550825318595
Hauptmodell,Department_Tops,-0.2305742697230693,0.03760070165509367,-6.1321799746743295,8.66829592886846e-10
Hauptmodell,Department_Trend,-0.6879169520463055,0.17407032596381428,-3.9519484336997777,7.751744690343141e-05
Hauptmodell,1/2,-3.392740427779975,0.04839507657800851,-70.10507406287874,0.0
Hauptmodell,2/3,0.12656134685760406,0.025848236024296062,4.896324327069849,9.764585935763114e-07
Hauptmodell,3/4,-0.06449985139719391,0.018242623847374826,-3.535667453148504,0.0004067463659541784
Hauptmodell,4/5,0.0013306339154816043,0.013158856197551796,0.10112078857805047,0.9194545757317429
Robustheitsmodell A (+ Recommended IND),Age_c,-0.00014739107220926867,0.0012119011293972438,-0.12161971685146931,0.9032001976176907
Robustheitsmodell A (+ Recommended IND),Age_c_sq,0.0002655712991221207,7.352063780212957e-05,3.6122006971276344,0.000303609439113597
Robustheitsmodell A (+ Recommended IND),Division_General Petite,0.03434305555876338,0.02956086248139125,1.1617744773307122,0.2453270839032733
Robustheitsmodell A (+ Recommended IND),Division_Initmates,0.09181209877134534,0.15048998464213637,0.6100877675658853,0.5418036693098773
Robustheitsmodell A (+ Recommended IND),Department_Dresses,-0.13111532090091207,0.04341739670565446,-3.0198798373334133,0.002528749896435155
Robustheitsmodell A (+ Recommended IND),Department_Intimate,-0.07822014810612507,0.14245079423001583,-0.5491029272874584,0.582934816456895
Robustheitsmodell A (+ Recommended IND),Department_Jackets,0.03261740595086798,0.07516390347079502,0.4339503996561526,0.6643244597860716
Robustheitsmodell A (+ Recommended IND),Department_Tops,-0.11307214488854288,0.04019775649762684,-2.812896906204662,0.004909738940132269
Robustheitsmodell A (+ Recommended IND),Department_Trend,-0.5433940959578708,0.18353586080080722,-2.9606971279995262,0.0030694362218196955
Robustheitsmodell A (+ Recommended IND),Recommended_IND,5.542763767647379,0.06754193144676178,82.06404005512225,0.0
Robustheitsmodell A (+ Recommended IND),1/2,-1.457219620804333,0.05276017648716348,-27.619688140332013,6.456467353063483e-168
Robustheitsmodell A (+ Recommended IND),2/3,0.48832721129870565,0.02289052785572125,21.333156420709333,5.590528027991498e-101
Robustheitsmodell A (+ Recommended IND),3/4,1.0036034045415252,0.021240492707928292,47.24953504336164,0.0
Robustheitsmodell A (+ Recommended IND),4/5,0.6305449157165974,0.014243451423218628,44.26910985133347,0.0
Robustheitsmodell B (+ Positive Feedback Count),Age_c,0.004514169110877307,0.0011272133759662655,4.004715706117032,6.209211015576938e-05
Robustheitsmodell B (+ Positive Feedback Count),Age_c_sq,0.00032622442268466555,6.955944763235988e-05,4.689865054835514,2.7338528527738695e-06
Robustheitsmodell B (+ Positive Feedback Count),Division_General Petite,0.06605266746152037,0.027652126089785813,2.388701224891312,0.016908046277397587
Robustheitsmodell B (+ Positive Feedback Count),Division_Initmates,0.13802602855461701,0.140776279221699,0.9804636783818472,0.32685729020747545
Robustheitsmodell B (+ Positive Feedback Count),Department_Dresses,-0.2441598121536836,0.04059457287945023,-6.014592464828768,1.803398079372926e-09
Robustheitsmodell B (+ Positive Feedback Count),Department_Intimate,-0.11404210197721137,0.1331631498661014,-0.8564088645536195,0.3917716631231397
Robustheitsmodell B (+ Positive Feedback Count),Department_Jackets,0.02033965453786955,0.07087261076366003,0.28698892729797276,0.7741207985219343
Robustheitsmodell B (+ Positive Feedback Count),Department_Tops,-0.22467971713057652,0.037614942942322274,-5.973150550170826,2.3271495732014037e-09
Robustheitsmodell B (+ Positive Feedback Count),Department_Trend,-0.6708046294250049,0.17412706459974123,-3.852385790611908,0.00011697253881068375
Robustheitsmodell B (+ Positive Feedback Count),Positive_Feedback_Count,-0.017153097346027938,0.0021609932143373044,-7.937598893057214,2.0613267943640453e-15
Robustheitsmodell B (+ Positive Feedback Count),1/2,-3.43649935702933,0.04875191824647771,-70.48952083598505,0.0
Robustheitsmodell B (+ Positive Feedback Count),2/3,0.1275828522075412,0.025838483419676966,4.937706680972696,7.904661374892509e-07
Robustheitsmodell B (+ Positive Feedback Count),3/4,-0.06225634377646895,0.01823589522788938,-3.4139450242758658,0.0006402949434752834
Robustheitsmodell B (+ Positive Feedback Count),4/5,0.0036635584260146176,0.013160008860065336,0.2783857112081328,0.7807162869704565
Basismodell,Geschätztes Minimum (Age),37.38869697855895,,,
Basismodell,McFadden Pseudo-R2,0.0009958884987784078,,,
Basismodell,AIC,55292.16558380401,,,
Basismodell,N,22640.0,,,
Basismodell,Condition Number (roh),208.98832761213154,,,
Basismodell,Condition Number (zentriert),21.92704969912387,,,
Hauptmodell,Geschätztes Minimum (Age),37.227536594793385,,,
Hauptmodell,McFadden Pseudo-R2,0.0025514368460666237,,,
Hauptmodell,AIC,55204.75935057062,,,
Hauptmodell,N,22627.0,,,
Hauptmodell,Condition Number (roh),34499.32008133961,,,
Hauptmodell,Condition Number (zentriert),3789.729197864666,,,
Robustheitsmodell A (+ Recommended IND),Geschätztes Minimum (Age),43.55815182976646,,,
Robustheitsmodell A (+ Recommended IND),McFadden Pseudo-R2,0.27084309584193555,,,
Robustheitsmodell A (+ Recommended IND),AIC,40364.890371695015,,,
Robustheitsmodell A (+ Recommended IND),N,22627.0,,,
Robustheitsmodell A (+ Recommended IND),Condition Number (roh),34499.69179368216,,,
Robustheitsmodell A (+ Recommended IND),Condition Number (zentriert),3793.5575523072844,,,
Robustheitsmodell B (+ Positive Feedback Count),Geschätztes Minimum (Age),36.36184445352781,,,
Robustheitsmodell B (+ Positive Feedback Count),McFadden Pseudo-R2,0.003693918053475631,,,
Robustheitsmodell B (+ Positive Feedback Count),AIC,55143.55739917692,,,
Robustheitsmodell B (+ Positive Feedback Count),N,22627.0,,,
Robustheitsmodell B (+ Positive Feedback Count),Condition Number (roh),34501.32217261807,,,
Robustheitsmodell B (+ Positive Feedback Count),Condition Number (zentriert),3790.519906734153,,,
