block,Zeilen_von,Zeilen_bis,N,Personen,Rating_Mittel,Anteil_5_Sterne,Compound_Mittel
0,0,24999,24995,3597,4.300780156031206,0.6727745549109821,0.5695042008401681
1,25000,49999,24996,3787,4.213794207073132,0.6449831973115698,0.5077877980476876
2,50000,74999,24994,3485,4.2500200048011525,0.6345923021525166,0.5411943186364727
3,75000,99999,24994,4450,4.260302472593422,0.6624789949587901,0.5296628310794591
4,100000,124999,24991,4677,4.265815693649714,0.6694810131647393,0.5122704293545676
5,125000,149999,24998,3392,4.205456436514921,0.6310504840387231,0.49747705416433313
6,150000,174999,24993,4566,4.261673268515184,0.6675869243388148,0.4924220981874925
7,175000,199999,24993,6294,4.1689272996439,0.6423398551594447,0.4625815268275117
8,200000,224999,24997,5073,4.274792975157019,0.6688802656318759,0.49743974876985236
